analysis,outcome,family,fit_method,formula,term,estimate,std_error,statistic,p_value,ci95_low,ci95_high,n_conditions,n_entity_clusters,effect_scale,odds_ratio,odds_ratio_ci95_low,odds_ratio_ci95_high
RQ1 majority selection adjusted for distribution arm,is_maj,binomial,GEE exchangeable/entity-clustered,is_maj ~ C(ratio) * C(model_id) + C(distribution_request_assigned) * C(ratio) + C(strategy) + C(layout_index),Intercept,,,,,,,1338,75,log_odds,,,
RQ1 majority selection adjusted for distribution arm,is_maj,binomial,GEE exchangeable/entity-clustered,is_maj ~ C(ratio) * C(model_id) + C(distribution_request_assigned) * C(ratio) + C(strategy) + C(layout_index),C(ratio)[T.2:2],,,,,,,1338,75,log_odds,,,
RQ1 majority selection adjusted for distribution arm,is_maj,binomial,GEE exchangeable/entity-clustered,is_maj ~ C(ratio) * C(model_id) + C(distribution_request_assigned) * C(ratio) + C(strategy) + C(layout_index),C(ratio)[T.3:1],,,,,,,1338,75,log_odds,,,
RQ1 majority selection adjusted for distribution arm,is_maj,binomial,GEE exchangeable/entity-clustered,is_maj ~ C(ratio) * C(model_id) + C(distribution_request_assigned) * C(ratio) + C(strategy) + C(layout_index),C(ratio)[T.3:2],,,,,,,1338,75,log_odds,,,
RQ1 majority selection adjusted for distribution arm,is_maj,binomial,GEE exchangeable/entity-clustered,is_maj ~ C(ratio) * C(model_id) + C(distribution_request_assigned) * C(ratio) + C(strategy) + C(layout_index),C(ratio)[T.4:0],,,,,,,1338,75,log_odds,,,
RQ1 majority selection adjusted for distribution arm,is_maj,binomial,GEE exchangeable/entity-clustered,is_maj ~ C(ratio) * C(model_id) + C(distribution_request_assigned) * C(ratio) + C(strategy) + C(layout_index),C(ratio)[T.4:1],,,,,,,1338,75,log_odds,,,
RQ1 majority selection adjusted for distribution arm,is_maj,binomial,GEE exchangeable/entity-clustered,is_maj ~ C(ratio) * C(model_id) + C(distribution_request_assigned) * C(ratio) + C(strategy) + C(layout_index),C(model_id)[T.deepseek/deepseek-v4-flash],,,,,,,1338,75,log_odds,,,
RQ1 majority selection adjusted for distribution arm,is_maj,binomial,GEE exchangeable/entity-clustered,is_maj ~ C(ratio) * C(model_id) + C(distribution_request_assigned) * C(ratio) + C(strategy) + C(layout_index),C(model_id)[T.gemini-3.5-flash],,,,,,,1338,75,log_odds,,,
RQ1 majority selection adjusted for distribution arm,is_maj,binomial,GEE exchangeable/entity-clustered,is_maj ~ C(ratio) * C(model_id) + C(distribution_request_assigned) * C(ratio) + C(strategy) + C(layout_index),C(distribution_request_assigned)[T.1.0],,,,,,,1338,75,log_odds,,,
RQ1 majority selection adjusted for distribution arm,is_maj,binomial,GEE exchangeable/entity-clustered,is_maj ~ C(ratio) * C(model_id) + C(distribution_request_assigned) * C(ratio) + C(strategy) + C(layout_index),C(ratio)[T.2:2]:C(model_id)[T.deepseek/deepseek-v4-flash],,,,,,,1338,75,log_odds,,,
RQ1 majority selection adjusted for distribution arm,is_maj,binomial,GEE exchangeable/entity-clustered,is_maj ~ C(ratio) * C(model_id) + C(distribution_request_assigned) * C(ratio) + C(strategy) + C(layout_index),C(ratio)[T.3:1]:C(model_id)[T.deepseek/deepseek-v4-flash],,,,,,,1338,75,log_odds,,,
RQ1 majority selection adjusted for distribution arm,is_maj,binomial,GEE exchangeable/entity-clustered,is_maj ~ C(ratio) * C(model_id) + C(distribution_request_assigned) * C(ratio) + C(strategy) + C(layout_index),C(ratio)[T.3:2]:C(model_id)[T.deepseek/deepseek-v4-flash],,,,,,,1338,75,log_odds,,,
RQ1 majority selection adjusted for distribution arm,is_maj,binomial,GEE exchangeable/entity-clustered,is_maj ~ C(ratio) * C(model_id) + C(distribution_request_assigned) * C(ratio) + C(strategy) + C(layout_index),C(ratio)[T.4:0]:C(model_id)[T.deepseek/deepseek-v4-flash],,,,,,,1338,75,log_odds,,,
RQ1 majority selection adjusted for distribution arm,is_maj,binomial,GEE exchangeable/entity-clustered,is_maj ~ C(ratio) * C(model_id) + C(distribution_request_assigned) * C(ratio) + C(strategy) + C(layout_index),C(ratio)[T.4:1]:C(model_id)[T.deepseek/deepseek-v4-flash],,,,,,,1338,75,log_odds,,,
RQ1 majority selection adjusted for distribution arm,is_maj,binomial,GEE exchangeable/entity-clustered,is_maj ~ C(ratio) * C(model_id) + C(distribution_request_assigned) * C(ratio) + C(strategy) + C(layout_index),C(ratio)[T.2:2]:C(model_id)[T.gemini-3.5-flash],,,,,,,1338,75,log_odds,,,
RQ1 majority selection adjusted for distribution arm,is_maj,binomial,GEE exchangeable/entity-clustered,is_maj ~ C(ratio) * C(model_id) + C(distribution_request_assigned) * C(ratio) + C(strategy) + C(layout_index),C(ratio)[T.3:1]:C(model_id)[T.gemini-3.5-flash],,,,,,,1338,75,log_odds,,,
RQ1 majority selection adjusted for distribution arm,is_maj,binomial,GEE exchangeable/entity-clustered,is_maj ~ C(ratio) * C(model_id) + C(distribution_request_assigned) * C(ratio) + C(strategy) + C(layout_index),C(ratio)[T.3:2]:C(model_id)[T.gemini-3.5-flash],,,,,,,1338,75,log_odds,,,
RQ1 majority selection adjusted for distribution arm,is_maj,binomial,GEE exchangeable/entity-clustered,is_maj ~ C(ratio) * C(model_id) + C(distribution_request_assigned) * C(ratio) + C(strategy) + C(layout_index),C(ratio)[T.4:0]:C(model_id)[T.gemini-3.5-flash],,,,,,,1338,75,log_odds,,,
RQ1 majority selection adjusted for distribution arm,is_maj,binomial,GEE exchangeable/entity-clustered,is_maj ~ C(ratio) * C(model_id) + C(distribution_request_assigned) * C(ratio) + C(strategy) + C(layout_index),C(ratio)[T.4:1]:C(model_id)[T.gemini-3.5-flash],,,,,,,1338,75,log_odds,,,
RQ1 majority selection adjusted for distribution arm,is_maj,binomial,GEE exchangeable/entity-clustered,is_maj ~ C(ratio) * C(model_id) + C(distribution_request_assigned) * C(ratio) + C(strategy) + C(layout_index),C(distribution_request_assigned)[T.1.0]:C(ratio)[T.2:2],,,,,,,1338,75,log_odds,,,
RQ1 majority selection adjusted for distribution arm,is_maj,binomial,GEE exchangeable/entity-clustered,is_maj ~ C(ratio) * C(model_id) + C(distribution_request_assigned) * C(ratio) + C(strategy) + C(layout_index),C(distribution_request_assigned)[T.1.0]:C(ratio)[T.3:1],,,,,,,1338,75,log_odds,,,
RQ1 majority selection adjusted for distribution arm,is_maj,binomial,GEE exchangeable/entity-clustered,is_maj ~ C(ratio) * C(model_id) + C(distribution_request_assigned) * C(ratio) + C(strategy) + C(layout_index),C(distribution_request_assigned)[T.1.0]:C(ratio)[T.3:2],,,,,,,1338,75,log_odds,,,
RQ1 majority selection adjusted for distribution arm,is_maj,binomial,GEE exchangeable/entity-clustered,is_maj ~ C(ratio) * C(model_id) + C(distribution_request_assigned) * C(ratio) + C(strategy) + C(layout_index),C(distribution_request_assigned)[T.1.0]:C(ratio)[T.4:0],,,,,,,1338,75,log_odds,,,
RQ1 majority selection adjusted for distribution arm,is_maj,binomial,GEE exchangeable/entity-clustered,is_maj ~ C(ratio) * C(model_id) + C(distribution_request_assigned) * C(ratio) + C(strategy) + C(layout_index),C(distribution_request_assigned)[T.1.0]:C(ratio)[T.4:1],,,,,,,1338,75,log_odds,,,
RQ1 subjective post-hoc confidence adjusted for distribution arm,subjective_posthoc_confidence,gaussian,GEE exchangeable/entity-clustered,subjective_posthoc_confidence ~ C(ratio) * C(model_id) + C(distribution_request_assigned) * C(ratio) + C(strategy) + C(layout_index),Intercept,65.49052061573168,1.7631057431394368,37.1449760574867,5.28425469711326e-302,62.03489685824266,68.9461443732207,1338,75,points_0_to_100,,,
RQ1 subjective post-hoc confidence adjusted for distribution arm,subjective_posthoc_confidence,gaussian,GEE exchangeable/entity-clustered,subjective_posthoc_confidence ~ C(ratio) * C(model_id) + C(distribution_request_assigned) * C(ratio) + C(strategy) + C(layout_index),C(ratio)[T.2:2],-8.832298825711932,2.6337684150591265,-3.353483463166845,0.0007980118223768906,-13.99439006284696,-3.670207588576904,1338,75,points_0_to_100,,,
RQ1 subjective post-hoc confidence adjusted for distribution arm,subjective_posthoc_confidence,gaussian,GEE exchangeable/entity-clustered,subjective_posthoc_confidence ~ C(ratio) * C(model_id) + C(distribution_request_assigned) * C(ratio) + C(strategy) + C(layout_index),C(ratio)[T.3:1],9.9164076542428,2.563927085428707,3.867663675226827,0.00010988307318307797,4.891202907815784,14.941612400669815,1338,75,points_0_to_100,,,
RQ1 subjective post-hoc confidence adjusted for distribution arm,subjective_posthoc_confidence,gaussian,GEE exchangeable/entity-clustered,subjective_posthoc_confidence ~ C(ratio) * C(model_id) + C(distribution_request_assigned) * C(ratio) + C(strategy) + C(layout_index),C(ratio)[T.3:2],0.883413318202247,2.618752246049204,0.3373413118919569,0.7358596205327743,-4.249246768487567,6.016073404892061,1338,75,points_0_to_100,,,
RQ1 subjective post-hoc confidence adjusted for distribution arm,subjective_posthoc_confidence,gaussian,GEE exchangeable/entity-clustered,subjective_posthoc_confidence ~ C(ratio) * C(model_id) + C(distribution_request_assigned) * C(ratio) + C(strategy) + C(layout_index),C(ratio)[T.4:0],33.17914905393797,1.7597817555619173,18.854127194507427,2.717872549703679e-79,29.730040192385943,36.628257915489996,1338,75,points_0_to_100,,,
RQ1 subjective post-hoc confidence adjusted for distribution arm,subjective_posthoc_confidence,gaussian,GEE exchangeable/entity-clustered,subjective_posthoc_confidence ~ C(ratio) * C(model_id) + C(distribution_request_assigned) * C(ratio) + C(strategy) + C(layout_index),C(ratio)[T.4:1],14.473923828712756,2.2857475754618477,6.332249450505584,2.416124379892259e-10,9.993940903057785,18.95390675436773,1338,75,points_0_to_100,,,
RQ1 subjective post-hoc confidence adjusted for distribution arm,subjective_posthoc_confidence,gaussian,GEE exchangeable/entity-clustered,subjective_posthoc_confidence ~ C(ratio) * C(model_id) + C(distribution_request_assigned) * C(ratio) + C(strategy) + C(layout_index),C(model_id)[T.deepseek/deepseek-v4-flash],22.69333333333333,1.6623382015391373,13.651453905301503,1.978905493445204e-42,19.435210328191538,25.951456338475126,1338,75,points_0_to_100,,,
RQ1 subjective post-hoc confidence adjusted for distribution arm,subjective_posthoc_confidence,gaussian,GEE exchangeable/entity-clustered,subjective_posthoc_confidence ~ C(ratio) * C(model_id) + C(distribution_request_assigned) * C(ratio) + C(strategy) + C(layout_index),C(model_id)[T.gemini-3.5-flash],32.537807522174305,1.6602316691575754,19.598353727756827,1.5970765092348296e-85,29.28381324463264,35.79180179971597,1338,75,points_0_to_100,,,
RQ1 subjective post-hoc confidence adjusted for distribution arm,subjective_posthoc_confidence,gaussian,GEE exchangeable/entity-clustered,subjective_posthoc_confidence ~ C(ratio) * C(model_id) + C(distribution_request_assigned) * C(ratio) + C(strategy) + C(layout_index),C(distribution_request_assigned)[T.1.0],-2.810238057365175,1.653371758784328,-1.6997012574059291,0.08918713271849552,-6.050787157638103,0.4303110429077539,1338,75,points_0_to_100,,,
RQ1 subjective post-hoc confidence adjusted for distribution arm,subjective_posthoc_confidence,gaussian,GEE exchangeable/entity-clustered,subjective_posthoc_confidence ~ C(ratio) * C(model_id) + C(distribution_request_assigned) * C(ratio) + C(strategy) + C(layout_index),C(ratio)[T.2:2]:C(model_id)[T.deepseek/deepseek-v4-flash],-12.864698438922373,3.3860244264535657,-3.799351929778169,0.00014507495836610655,-19.501184365544255,-6.228212512300491,1338,75,points_0_to_100,,,
RQ1 subjective post-hoc confidence adjusted for distribution arm,subjective_posthoc_confidence,gaussian,GEE exchangeable/entity-clustered,subjective_posthoc_confidence ~ C(ratio) * C(model_id) + C(distribution_request_assigned) * C(ratio) + C(strategy) + C(layout_index),C(ratio)[T.3:1]:C(model_id)[T.deepseek/deepseek-v4-flash],-6.546666666666661,2.032561019083159,-3.2208955131982755,0.0012779072883710625,-10.530413060449682,-2.5629202728836398,1338,75,points_0_to_100,,,
RQ1 subjective post-hoc confidence adjusted for distribution arm,subjective_posthoc_confidence,gaussian,GEE exchangeable/entity-clustered,subjective_posthoc_confidence ~ C(ratio) * C(model_id) + C(distribution_request_assigned) * C(ratio) + C(strategy) + C(layout_index),C(ratio)[T.3:2]:C(model_id)[T.deepseek/deepseek-v4-flash],-11.559999999999988,2.913828485763117,-3.967289103144478,7.269479051768487e-05,-17.27099888922258,-5.849001110777397,1338,75,points_0_to_100,,,
RQ1 subjective post-hoc confidence adjusted for distribution arm,subjective_posthoc_confidence,gaussian,GEE exchangeable/entity-clustered,subjective_posthoc_confidence ~ C(ratio) * C(model_id) + C(distribution_request_assigned) * C(ratio) + C(strategy) + C(layout_index),C(ratio)[T.4:0]:C(model_id)[T.deepseek/deepseek-v4-flash],-21.359999999999996,1.6630510114445587,-12.843863389040774,9.310939477763222e-38,-24.61952008688424,-18.100479913115752,1338,75,points_0_to_100,,,
RQ1 subjective post-hoc confidence adjusted for distribution arm,subjective_posthoc_confidence,gaussian,GEE exchangeable/entity-clustered,subjective_posthoc_confidence ~ C(ratio) * C(model_id) + C(distribution_request_assigned) * C(ratio) + C(strategy) + C(layout_index),C(ratio)[T.4:1]:C(model_id)[T.deepseek/deepseek-v4-flash],-9.360000000000001,1.9508302506027366,-4.797957175980891,1.6029203753384395e-06,-13.183557031132613,-5.536442968867389,1338,75,points_0_to_100,,,
RQ1 subjective post-hoc confidence adjusted for distribution arm,subjective_posthoc_confidence,gaussian,GEE exchangeable/entity-clustered,subjective_posthoc_confidence ~ C(ratio) * C(model_id) + C(distribution_request_assigned) * C(ratio) + C(strategy) + C(layout_index),C(ratio)[T.2:2]:C(model_id)[T.gemini-3.5-flash],7.328315209899072,2.3064408090451343,3.177326372807717,0.0014863966107518118,2.807774291697185,11.848856128100959,1338,75,points_0_to_100,,,
RQ1 subjective post-hoc confidence adjusted for distribution arm,subjective_posthoc_confidence,gaussian,GEE exchangeable/entity-clustered,subjective_posthoc_confidence ~ C(ratio) * C(model_id) + C(distribution_request_assigned) * C(ratio) + C(strategy) + C(layout_index),C(ratio)[T.3:1]:C(model_id)[T.gemini-3.5-flash],-8.49985359335903,2.093875474918588,-4.059388294659458,4.920143813098359e-05,-12.603774112311164,-4.395933074406895,1338,75,points_0_to_100,,,
RQ1 subjective post-hoc confidence adjusted for distribution arm,subjective_posthoc_confidence,gaussian,GEE exchangeable/entity-clustered,subjective_posthoc_confidence ~ C(ratio) * C(model_id) + C(distribution_request_assigned) * C(ratio) + C(strategy) + C(layout_index),C(ratio)[T.3:2]:C(model_id)[T.gemini-3.5-flash],-2.657807522174299,2.2811624464804203,-1.1651110276144516,0.2439740536402516,-7.128803760161201,1.8131887158126037,1338,75,points_0_to_100,,,
RQ1 subjective post-hoc confidence adjusted for distribution arm,subjective_posthoc_confidence,gaussian,GEE exchangeable/entity-clustered,subjective_posthoc_confidence ~ C(ratio) * C(model_id) + C(distribution_request_assigned) * C(ratio) + C(strategy) + C(layout_index),C(ratio)[T.4:0]:C(model_id)[T.gemini-3.5-flash],-31.204474188840972,1.6537185815232485,-18.869277117330554,2.0407090762338173e-79,-34.4457030491912,-27.96324532849074,1338,75,points_0_to_100,,,
RQ1 subjective post-hoc confidence adjusted for distribution arm,subjective_posthoc_confidence,gaussian,GEE exchangeable/entity-clustered,subjective_posthoc_confidence ~ C(ratio) * C(model_id) + C(distribution_request_assigned) * C(ratio) + C(strategy) + C(layout_index),C(ratio)[T.4:1]:C(model_id)[T.gemini-3.5-flash],-13.764474188840975,1.8852063572662359,-7.301309024228536,2.849813641314375e-13,-17.459410752508745,-10.069537625173202,1338,75,points_0_to_100,,,
RQ1 subjective post-hoc confidence adjusted for distribution arm,subjective_posthoc_confidence,gaussian,GEE exchangeable/entity-clustered,subjective_posthoc_confidence ~ C(ratio) * C(model_id) + C(distribution_request_assigned) * C(ratio) + C(strategy) + C(layout_index),C(distribution_request_assigned)[T.1.0]:C(ratio)[T.2:2],7.696400184812918,3.112022838201269,2.47311815656899,0.013393985144237078,1.596947502872312,13.795852866753524,1338,75,points_0_to_100,,,
RQ1 subjective post-hoc confidence adjusted for distribution arm,subjective_posthoc_confidence,gaussian,GEE exchangeable/entity-clustered,subjective_posthoc_confidence ~ C(ratio) * C(model_id) + C(distribution_request_assigned) * C(ratio) + C(strategy) + C(layout_index),C(distribution_request_assigned)[T.1.0]:C(ratio)[T.3:1],1.7176164718892153,2.3407098478063624,0.7338015318297182,0.46306970682957527,-2.870090528069486,6.305323471847917,1338,75,points_0_to_100,,,
RQ1 subjective post-hoc confidence adjusted for distribution arm,subjective_posthoc_confidence,gaussian,GEE exchangeable/entity-clustered,subjective_posthoc_confidence ~ C(ratio) * C(model_id) + C(distribution_request_assigned) * C(ratio) + C(strategy) + C(layout_index),C(distribution_request_assigned)[T.1.0]:C(ratio)[T.3:2],-1.3751578648728553,3.00693826530197,-0.4573282666761886,0.6474351154356384,-7.268648568600062,4.518332838854352,1338,75,points_0_to_100,,,
RQ1 subjective post-hoc confidence adjusted for distribution arm,subjective_posthoc_confidence,gaussian,GEE exchangeable/entity-clustered,subjective_posthoc_confidence ~ C(ratio) * C(model_id) + C(distribution_request_assigned) * C(ratio) + C(strategy) + C(layout_index),C(distribution_request_assigned)[T.1.0]:C(ratio)[T.4:0],2.804311077753986,1.6380081338190025,1.7120251235967663,0.08689203861893068,-0.406125870914924,6.014748026422897,1338,75,points_0_to_100,,,
RQ1 subjective post-hoc confidence adjusted for distribution arm,subjective_posthoc_confidence,gaussian,GEE exchangeable/entity-clustered,subjective_posthoc_confidence ~ C(ratio) * C(model_id) + C(distribution_request_assigned) * C(ratio) + C(strategy) + C(layout_index),C(distribution_request_assigned)[T.1.0]:C(ratio)[T.4:1],3.0119924433300933,1.9661657133457766,1.531911793032266,0.1255442029550695,-0.8416215424651328,6.86560642912532,1338,75,points_0_to_100,,,
RQ2 banking-versus-general conflict flagging adjusted for arm,is_flag,binomial,GEE exchangeable/entity-clustered,is_flag ~ C(domain) * C(ratio) + C(domain) * C(distribution_request_assigned) + C(domain) * C(strategy) + C(model_id) + C(layout_index),Intercept,,,,,,,1338,75,log_odds,,,
RQ2 banking-versus-general conflict flagging adjusted for arm,is_flag,binomial,GEE exchangeable/entity-clustered,is_flag ~ C(domain) * C(ratio) + C(domain) * C(distribution_request_assigned) + C(domain) * C(strategy) + C(model_id) + C(layout_index),C(domain)[T.general],,,,,,,1338,75,log_odds,,,
RQ2 banking-versus-general conflict flagging adjusted for arm,is_flag,binomial,GEE exchangeable/entity-clustered,is_flag ~ C(domain) * C(ratio) + C(domain) * C(distribution_request_assigned) + C(domain) * C(strategy) + C(model_id) + C(layout_index),C(ratio)[T.2:2],,,,,,,1338,75,log_odds,,,
RQ2 banking-versus-general conflict flagging adjusted for arm,is_flag,binomial,GEE exchangeable/entity-clustered,is_flag ~ C(domain) * C(ratio) + C(domain) * C(distribution_request_assigned) + C(domain) * C(strategy) + C(model_id) + C(layout_index),C(ratio)[T.3:1],,,,,,,1338,75,log_odds,,,
RQ2 banking-versus-general conflict flagging adjusted for arm,is_flag,binomial,GEE exchangeable/entity-clustered,is_flag ~ C(domain) * C(ratio) + C(domain) * C(distribution_request_assigned) + C(domain) * C(strategy) + C(model_id) + C(layout_index),C(ratio)[T.3:2],,,,,,,1338,75,log_odds,,,
RQ2 banking-versus-general conflict flagging adjusted for arm,is_flag,binomial,GEE exchangeable/entity-clustered,is_flag ~ C(domain) * C(ratio) + C(domain) * C(distribution_request_assigned) + C(domain) * C(strategy) + C(model_id) + C(layout_index),C(ratio)[T.4:0],,,,,,,1338,75,log_odds,,,
RQ2 banking-versus-general conflict flagging adjusted for arm,is_flag,binomial,GEE exchangeable/entity-clustered,is_flag ~ C(domain) * C(ratio) + C(domain) * C(distribution_request_assigned) + C(domain) * C(strategy) + C(model_id) + C(layout_index),C(ratio)[T.4:1],,,,,,,1338,75,log_odds,,,
RQ2 banking-versus-general conflict flagging adjusted for arm,is_flag,binomial,GEE exchangeable/entity-clustered,is_flag ~ C(domain) * C(ratio) + C(domain) * C(distribution_request_assigned) + C(domain) * C(strategy) + C(model_id) + C(layout_index),C(distribution_request_assigned)[T.1.0],,,,,,,1338,75,log_odds,,,
RQ2 banking-versus-general conflict flagging adjusted for arm,is_flag,binomial,GEE exchangeable/entity-clustered,is_flag ~ C(domain) * C(ratio) + C(domain) * C(distribution_request_assigned) + C(domain) * C(strategy) + C(model_id) + C(layout_index),C(model_id)[T.deepseek/deepseek-v4-flash],,,,,,,1338,75,log_odds,,,
RQ2 banking-versus-general conflict flagging adjusted for arm,is_flag,binomial,GEE exchangeable/entity-clustered,is_flag ~ C(domain) * C(ratio) + C(domain) * C(distribution_request_assigned) + C(domain) * C(strategy) + C(model_id) + C(layout_index),C(model_id)[T.gemini-3.5-flash],,,,,,,1338,75,log_odds,,,
RQ2 banking-versus-general conflict flagging adjusted for arm,is_flag,binomial,GEE exchangeable/entity-clustered,is_flag ~ C(domain) * C(ratio) + C(domain) * C(distribution_request_assigned) + C(domain) * C(strategy) + C(model_id) + C(layout_index),C(domain)[T.general]:C(ratio)[T.2:2],,,,,,,1338,75,log_odds,,,
RQ2 banking-versus-general conflict flagging adjusted for arm,is_flag,binomial,GEE exchangeable/entity-clustered,is_flag ~ C(domain) * C(ratio) + C(domain) * C(distribution_request_assigned) + C(domain) * C(strategy) + C(model_id) + C(layout_index),C(domain)[T.general]:C(ratio)[T.3:1],,,,,,,1338,75,log_odds,,,
RQ2 banking-versus-general conflict flagging adjusted for arm,is_flag,binomial,GEE exchangeable/entity-clustered,is_flag ~ C(domain) * C(ratio) + C(domain) * C(distribution_request_assigned) + C(domain) * C(strategy) + C(model_id) + C(layout_index),C(domain)[T.general]:C(ratio)[T.3:2],,,,,,,1338,75,log_odds,,,
RQ2 banking-versus-general conflict flagging adjusted for arm,is_flag,binomial,GEE exchangeable/entity-clustered,is_flag ~ C(domain) * C(ratio) + C(domain) * C(distribution_request_assigned) + C(domain) * C(strategy) + C(model_id) + C(layout_index),C(domain)[T.general]:C(ratio)[T.4:0],,,,,,,1338,75,log_odds,,,
RQ2 banking-versus-general conflict flagging adjusted for arm,is_flag,binomial,GEE exchangeable/entity-clustered,is_flag ~ C(domain) * C(ratio) + C(domain) * C(distribution_request_assigned) + C(domain) * C(strategy) + C(model_id) + C(layout_index),C(domain)[T.general]:C(ratio)[T.4:1],,,,,,,1338,75,log_odds,,,
RQ2 banking-versus-general conflict flagging adjusted for arm,is_flag,binomial,GEE exchangeable/entity-clustered,is_flag ~ C(domain) * C(ratio) + C(domain) * C(distribution_request_assigned) + C(domain) * C(strategy) + C(model_id) + C(layout_index),C(domain)[T.general]:C(distribution_request_assigned)[T.1.0],,,,,,,1338,75,log_odds,,,
RQ2 numeric-only domain sensitivity adjusted for arm,is_flag,binomial,GEE exchangeable/entity-clustered,is_flag ~ C(domain) * C(ratio) + C(domain) * C(distribution_request_assigned) + C(domain) * C(strategy) + C(model_id) + C(layout_index),Intercept,-859.2946835802381,1566.798398596667,-0.5484398531105736,0.583389917960902,-3930.1631158647374,2211.573748704261,914,51,log_odds,0.0,0.0,
RQ2 numeric-only domain sensitivity adjusted for arm,is_flag,binomial,GEE exchangeable/entity-clustered,is_flag ~ C(domain) * C(ratio) + C(domain) * C(distribution_request_assigned) + C(domain) * C(strategy) + C(model_id) + C(layout_index),C(domain)[T.general],-0.39741698821999394,4237.215178751117,-9.379202411361352e-05,0.999925164792143,-8305.186562086856,8304.391728110415,914,51,log_odds,0.6720537287083866,0.0,
RQ2 numeric-only domain sensitivity adjusted for arm,is_flag,binomial,GEE exchangeable/entity-clustered,is_flag ~ C(domain) * C(ratio) + C(domain) * C(distribution_request_assigned) + C(domain) * C(strategy) + C(model_id) + C(layout_index),C(ratio)[T.2:2],3.919438922156561,0.8539613248179895,4.589714789474731,4.43852061944768e-06,2.245705481323191,5.593172362989931,914,51,log_odds,50.37217413695786,9.447077943136959,268.5863229409815
RQ2 numeric-only domain sensitivity adjusted for arm,is_flag,binomial,GEE exchangeable/entity-clustered,is_flag ~ C(domain) * C(ratio) + C(domain) * C(distribution_request_assigned) + C(domain) * C(strategy) + C(model_id) + C(layout_index),C(ratio)[T.3:1],-1154.8975489491424,,,,,,914,51,log_odds,0.0,,
RQ2 numeric-only domain sensitivity adjusted for arm,is_flag,binomial,GEE exchangeable/entity-clustered,is_flag ~ C(domain) * C(ratio) + C(domain) * C(distribution_request_assigned) + C(domain) * C(strategy) + C(model_id) + C(layout_index),C(ratio)[T.3:2],0.3686187846014793,0.9776984864866463,0.37702705864474506,0.7061534963535554,-1.5476350366516682,2.284872605854627,914,51,log_odds,1.4457363616471797,0.21275052653073018,9.824434568846616
RQ2 numeric-only domain sensitivity adjusted for arm,is_flag,binomial,GEE exchangeable/entity-clustered,is_flag ~ C(domain) * C(ratio) + C(domain) * C(distribution_request_assigned) + C(domain) * C(strategy) + C(model_id) + C(layout_index),C(ratio)[T.4:0],-790.0739005139634,,,,,,914,51,log_odds,0.0,,
RQ2 numeric-only domain sensitivity adjusted for arm,is_flag,binomial,GEE exchangeable/entity-clustered,is_flag ~ C(domain) * C(ratio) + C(domain) * C(distribution_request_assigned) + C(domain) * C(strategy) + C(model_id) + C(layout_index),C(ratio)[T.4:1],-790.0738763592902,0.13173157181056996,-5997.604564344048,0.0,-790.3320654956658,-789.8156872229147,914,51,log_odds,0.0,0.0,0.0
RQ2 numeric-only domain sensitivity adjusted for arm,is_flag,binomial,GEE exchangeable/entity-clustered,is_flag ~ C(domain) * C(ratio) + C(domain) * C(distribution_request_assigned) + C(domain) * C(strategy) + C(model_id) + C(layout_index),C(distribution_request_assigned)[T.1.0],31.65703958113483,,,,,,914,51,log_odds,56037351821620.04,,
RQ2 numeric-only domain sensitivity adjusted for arm,is_flag,binomial,GEE exchangeable/entity-clustered,is_flag ~ C(domain) * C(ratio) + C(domain) * C(distribution_request_assigned) + C(domain) * C(strategy) + C(model_id) + C(layout_index),C(model_id)[T.deepseek/deepseek-v4-flash],822.4755545952369,,,,,,914,51,log_odds,,,
RQ2 numeric-only domain sensitivity adjusted for arm,is_flag,binomial,GEE exchangeable/entity-clustered,is_flag ~ C(domain) * C(ratio) + C(domain) * C(distribution_request_assigned) + C(domain) * C(strategy) + C(model_id) + C(layout_index),C(model_id)[T.gemini-3.5-flash],826.2110260144855,2121.9848093355417,0.3893576534476688,0.6970115930023861,-3332.8027760242694,4985.22482805324,914,51,log_odds,,0.0,
RQ2 numeric-only domain sensitivity adjusted for arm,is_flag,binomial,GEE exchangeable/entity-clustered,is_flag ~ C(domain) * C(ratio) + C(domain) * C(distribution_request_assigned) + C(domain) * C(strategy) + C(model_id) + C(layout_index),C(domain)[T.general]:C(ratio)[T.2:2],0.49682145097169644,1.161709889620461,0.4276639593160489,0.6688957929366773,-1.7800880931684084,2.7737309951118014,914,51,log_odds,1.6434890491487344,0.16862329205421914,16.018286808226435
RQ2 numeric-only domain sensitivity adjusted for arm,is_flag,binomial,GEE exchangeable/entity-clustered,is_flag ~ C(domain) * C(ratio) + C(domain) * C(distribution_request_assigned) + C(domain) * C(strategy) + C(model_id) + C(layout_index),C(domain)[T.general]:C(ratio)[T.3:1],-364.7862221569476,0.0,-inf,0.0,-364.7862221569476,-364.7862221569476,914,51,log_odds,3.7614616896468635e-159,3.7614616896468635e-159,3.7614616896468635e-159
RQ2 numeric-only domain sensitivity adjusted for arm,is_flag,binomial,GEE exchangeable/entity-clustered,is_flag ~ C(domain) * C(ratio) + C(domain) * C(distribution_request_assigned) + C(domain) * C(strategy) + C(model_id) + C(layout_index),C(domain)[T.general]:C(ratio)[T.3:2],-0.4776541089245112,1.5726679836887472,-0.30372215488494714,0.7613395777158652,-3.560026716593681,2.604718498744658,914,51,log_odds,0.6202366942207367,0.028438064935809245,13.527416781915457
RQ2 numeric-only domain sensitivity adjusted for arm,is_flag,binomial,GEE exchangeable/entity-clustered,is_flag ~ C(domain) * C(ratio) + C(domain) * C(distribution_request_assigned) + C(domain) * C(strategy) + C(model_id) + C(layout_index),C(domain)[T.general]:C(ratio)[T.4:0],-729.6098805472728,0.0,-inf,0.0,-729.6098805472728,-729.6098805472728,914,51,log_odds,1.3628717e-317,1.3628717e-317,1.3628717e-317
RQ2 numeric-only domain sensitivity adjusted for arm,is_flag,binomial,GEE exchangeable/entity-clustered,is_flag ~ C(domain) * C(ratio) + C(domain) * C(distribution_request_assigned) + C(domain) * C(strategy) + C(model_id) + C(layout_index),C(domain)[T.general]:C(ratio)[T.4:1],-729.6099091000011,0.0,-inf,0.0,-729.6099091000011,-729.6099091000011,914,51,log_odds,1.3628327e-317,1.3628327e-317,1.3628327e-317
RQ2 numeric-only domain sensitivity adjusted for arm,is_flag,binomial,GEE exchangeable/entity-clustered,is_flag ~ C(domain) * C(ratio) + C(domain) * C(distribution_request_assigned) + C(domain) * C(strategy) + C(model_id) + C(layout_index),C(domain)[T.general]:C(distribution_request_assigned)[T.1.0],0.38625976661247086,9403.990490863791,4.1074027774457213e-05,0.999967227667398,-18431.09641328356,18431.868932816786,914,51,log_odds,1.4714668591340718,0.0,
RQ3 normalized minority-position effect on is_maj adjusted for arm,is_maj,binomial,GEE exchangeable/entity-clustered,is_maj ~ minority_position_normalized * C(ratio) + minority_position_normalized * C(distribution_request_assigned) + C(model_id) + C(strategy) + C(layout_index),Intercept,,,,,,,673,75,log_odds,,,
RQ3 normalized minority-position effect on is_maj adjusted for arm,is_maj,binomial,GEE exchangeable/entity-clustered,is_maj ~ minority_position_normalized * C(ratio) + minority_position_normalized * C(distribution_request_assigned) + C(model_id) + C(strategy) + C(layout_index),C(ratio)[T.3:1],,,,,,,673,75,log_odds,,,
RQ3 normalized minority-position effect on is_maj adjusted for arm,is_maj,binomial,GEE exchangeable/entity-clustered,is_maj ~ minority_position_normalized * C(ratio) + minority_position_normalized * C(distribution_request_assigned) + C(model_id) + C(strategy) + C(layout_index),C(ratio)[T.4:1],,,,,,,673,75,log_odds,,,
RQ3 normalized minority-position effect on is_maj adjusted for arm,is_maj,binomial,GEE exchangeable/entity-clustered,is_maj ~ minority_position_normalized * C(ratio) + minority_position_normalized * C(distribution_request_assigned) + C(model_id) + C(strategy) + C(layout_index),C(distribution_request_assigned)[T.1.0],,,,,,,673,75,log_odds,,,
RQ3 normalized minority-position effect on is_maj adjusted for arm,is_maj,binomial,GEE exchangeable/entity-clustered,is_maj ~ minority_position_normalized * C(ratio) + minority_position_normalized * C(distribution_request_assigned) + C(model_id) + C(strategy) + C(layout_index),C(model_id)[T.deepseek/deepseek-v4-flash],,,,,,,673,75,log_odds,,,
RQ3 normalized minority-position effect on is_maj adjusted for arm,is_maj,binomial,GEE exchangeable/entity-clustered,is_maj ~ minority_position_normalized * C(ratio) + minority_position_normalized * C(distribution_request_assigned) + C(model_id) + C(strategy) + C(layout_index),C(model_id)[T.gemini-3.5-flash],,,,,,,673,75,log_odds,,,
RQ3 normalized minority-position effect on is_maj adjusted for arm,is_maj,binomial,GEE exchangeable/entity-clustered,is_maj ~ minority_position_normalized * C(ratio) + minority_position_normalized * C(distribution_request_assigned) + C(model_id) + C(strategy) + C(layout_index),minority_position_normalized,,,,,,,673,75,log_odds,,,
RQ3 normalized minority-position effect on is_maj adjusted for arm,is_maj,binomial,GEE exchangeable/entity-clustered,is_maj ~ minority_position_normalized * C(ratio) + minority_position_normalized * C(distribution_request_assigned) + C(model_id) + C(strategy) + C(layout_index),minority_position_normalized:C(ratio)[T.3:1],,,,,,,673,75,log_odds,,,
RQ3 normalized minority-position effect on is_maj adjusted for arm,is_maj,binomial,GEE exchangeable/entity-clustered,is_maj ~ minority_position_normalized * C(ratio) + minority_position_normalized * C(distribution_request_assigned) + C(model_id) + C(strategy) + C(layout_index),minority_position_normalized:C(ratio)[T.4:1],,,,,,,673,75,log_odds,,,
RQ3 normalized minority-position effect on is_maj adjusted for arm,is_maj,binomial,GEE exchangeable/entity-clustered,is_maj ~ minority_position_normalized * C(ratio) + minority_position_normalized * C(distribution_request_assigned) + C(model_id) + C(strategy) + C(layout_index),minority_position_normalized:C(distribution_request_assigned)[T.1.0],,,,,,,673,75,log_odds,,,
RQ3 normalized minority-position effect on is_flag adjusted for arm,is_flag,binomial,GEE exchangeable/entity-clustered,is_flag ~ minority_position_normalized * C(ratio) + minority_position_normalized * C(distribution_request_assigned) + C(model_id) + C(strategy) + C(layout_index),Intercept,-53.1020796684637,,,,,,673,75,log_odds,8.670813046570333e-24,,
RQ3 normalized minority-position effect on is_flag adjusted for arm,is_flag,binomial,GEE exchangeable/entity-clustered,is_flag ~ minority_position_normalized * C(ratio) + minority_position_normalized * C(distribution_request_assigned) + C(model_id) + C(strategy) + C(layout_index),C(ratio)[T.3:1],-25.478799033733495,0.8997163244900697,-28.31870261793245,2.033910872763737e-176,-27.242210626036783,-23.715387441430206,673,75,log_odds,8.60395586838664e-12,1.4752249547998519e-12,5.018085976940955e-11
RQ3 normalized minority-position effect on is_flag adjusted for arm,is_flag,binomial,GEE exchangeable/entity-clustered,is_flag ~ minority_position_normalized * C(ratio) + minority_position_normalized * C(distribution_request_assigned) + C(model_id) + C(strategy) + C(layout_index),C(ratio)[T.4:1],-25.18121549615849,0.8714349869628784,-28.89626406201564,1.3302088104491574e-183,-26.889196685473863,-23.473234306843118,673,75,log_odds,1.1586094392634431e-11,2.0997628934097583e-12,6.392987689055194e-11
RQ3 normalized minority-position effect on is_flag adjusted for arm,is_flag,binomial,GEE exchangeable/entity-clustered,is_flag ~ minority_position_normalized * C(ratio) + minority_position_normalized * C(distribution_request_assigned) + C(model_id) + C(strategy) + C(layout_index),C(distribution_request_assigned)[T.1.0],24.97639128910027,2.1458005635050537,11.63966107283644,2.5904294603473994e-31,20.770699466624613,29.182083111575928,673,75,log_odds,70324866226.36078,1048576604.445067,4716476401238.102
RQ3 normalized minority-position effect on is_flag adjusted for arm,is_flag,binomial,GEE exchangeable/entity-clustered,is_flag ~ minority_position_normalized * C(ratio) + minority_position_normalized * C(distribution_request_assigned) + C(model_id) + C(strategy) + C(layout_index),C(model_id)[T.deepseek/deepseek-v4-flash],-5.448659502659438e-06,,,,,,673,75,log_odds,0.9999945513553412,,
RQ3 normalized minority-position effect on is_flag adjusted for arm,is_flag,binomial,GEE exchangeable/entity-clustered,is_flag ~ minority_position_normalized * C(ratio) + minority_position_normalized * C(distribution_request_assigned) + C(model_id) + C(strategy) + C(layout_index),C(model_id)[T.gemini-3.5-flash],26.087644108824676,,,,,,673,75,log_odds,213658355969.65466,,
RQ3 normalized minority-position effect on is_flag adjusted for arm,is_flag,binomial,GEE exchangeable/entity-clustered,is_flag ~ minority_position_normalized * C(ratio) + minority_position_normalized * C(distribution_request_assigned) + C(model_id) + C(strategy) + C(layout_index),minority_position_normalized,0.4060200537769387,,,,,,673,75,log_odds,1.5008326495194149,,
RQ3 normalized minority-position effect on is_flag adjusted for arm,is_flag,binomial,GEE exchangeable/entity-clustered,is_flag ~ minority_position_normalized * C(ratio) + minority_position_normalized * C(distribution_request_assigned) + C(model_id) + C(strategy) + C(layout_index),minority_position_normalized:C(ratio)[T.3:1],-0.8014963737425703,1.2135021013941365,-0.6604820649439075,0.5089445241788366,-3.179916787638751,1.5769240401536102,673,75,log_odds,0.44865710285668037,0.04158911570570959,4.84004510622752
RQ3 normalized minority-position effect on is_flag adjusted for arm,is_flag,binomial,GEE exchangeable/entity-clustered,is_flag ~ minority_position_normalized * C(ratio) + minority_position_normalized * C(distribution_request_assigned) + C(model_id) + C(strategy) + C(layout_index),minority_position_normalized:C(ratio)[T.4:1],-1.4996121894081682,1.1935698700058763,-1.2564092200155699,0.20896764052048322,-3.8389661476518397,0.8397417688355033,673,75,log_odds,0.22321670916912126,0.021515834045995694,2.3157688958641653
RQ3 normalized minority-position effect on is_flag adjusted for arm,is_flag,binomial,GEE exchangeable/entity-clustered,is_flag ~ minority_position_normalized * C(ratio) + minority_position_normalized * C(distribution_request_assigned) + C(model_id) + C(strategy) + C(layout_index),minority_position_normalized:C(distribution_request_assigned)[T.1.0],0.8345627050497044,,,,,,673,75,log_odds,2.3038063850813995,,
RQ4 distribution-request effect on conflict_mention_rate,conflict_mention_rate,gaussian,GEE exchangeable/entity-clustered,conflict_mention_rate ~ C(distribution_request_assigned) * C(model_id) + C(distribution_request_assigned) * C(ratio) + C(strategy) + C(domain) + C(layout_index),Intercept,0.09596541049644784,0.022704549016710988,4.226704103473513,2.3713917393375836e-05,0.051465312138470005,0.14046550885442569,1125,75,points_0_to_100,,,
RQ4 distribution-request effect on conflict_mention_rate,conflict_mention_rate,gaussian,GEE exchangeable/entity-clustered,conflict_mention_rate ~ C(distribution_request_assigned) * C(model_id) + C(distribution_request_assigned) * C(ratio) + C(strategy) + C(domain) + C(layout_index),C(distribution_request_assigned)[T.1.0],-0.07674496671756771,0.024900061630055197,-3.0821195488501925,0.0020553227477592122,-0.1255481907253036,-0.027941742709831817,1125,75,points_0_to_100,,,
RQ4 distribution-request effect on conflict_mention_rate,conflict_mention_rate,gaussian,GEE exchangeable/entity-clustered,conflict_mention_rate ~ C(distribution_request_assigned) * C(model_id) + C(distribution_request_assigned) * C(ratio) + C(strategy) + C(domain) + C(layout_index),C(model_id)[T.deepseek/deepseek-v4-flash],-0.08468378378378377,0.019347221178420367,-4.377051515710119,1.2029554967189267e-05,-0.12260364049441827,-0.04676392707314927,1125,75,points_0_to_100,,,
RQ4 distribution-request effect on conflict_mention_rate,conflict_mention_rate,gaussian,GEE exchangeable/entity-clustered,conflict_mention_rate ~ C(distribution_request_assigned) * C(model_id) + C(distribution_request_assigned) * C(ratio) + C(strategy) + C(domain) + C(layout_index),C(model_id)[T.gemini-3.5-flash],-0.08288216216216215,0.019473785654160525,-4.256088858842635,2.0803405352581908e-05,-0.12105008068696957,-0.044714243637354746,1125,75,points_0_to_100,,,
RQ4 distribution-request effect on conflict_mention_rate,conflict_mention_rate,gaussian,GEE exchangeable/entity-clustered,conflict_mention_rate ~ C(distribution_request_assigned) * C(model_id) + C(distribution_request_assigned) * C(ratio) + C(strategy) + C(domain) + C(layout_index),C(ratio)[T.2:2],0.02702972972972972,0.01434271870028763,1.8845610999250555,0.05948911838532929,-0.0010814823632231685,0.05514094182268261,1125,75,points_0_to_100,,,
RQ4 distribution-request effect on conflict_mention_rate,conflict_mention_rate,gaussian,GEE exchangeable/entity-clustered,conflict_mention_rate ~ C(distribution_request_assigned) * C(model_id) + C(distribution_request_assigned) * C(ratio) + C(strategy) + C(domain) + C(layout_index),C(ratio)[T.3:1],-0.030029729729729726,0.014494382612489885,-2.0718184784119713,0.038282372754628875,-0.05843819762835348,-0.001621261831105971,1125,75,points_0_to_100,,,
RQ4 distribution-request effect on conflict_mention_rate,conflict_mention_rate,gaussian,GEE exchangeable/entity-clustered,conflict_mention_rate ~ C(distribution_request_assigned) * C(model_id) + C(distribution_request_assigned) * C(ratio) + C(strategy) + C(domain) + C(layout_index),C(ratio)[T.3:2],-0.01201171171171172,0.013946545149511777,-0.8612679041972062,0.38909050853513694,-0.03934643791351659,0.015323014490093148,1125,75,points_0_to_100,,,
RQ4 distribution-request effect on conflict_mention_rate,conflict_mention_rate,gaussian,GEE exchangeable/entity-clustered,conflict_mention_rate ~ C(distribution_request_assigned) * C(model_id) + C(distribution_request_assigned) * C(ratio) + C(strategy) + C(domain) + C(layout_index),C(ratio)[T.4:1],-0.036035135135135135,0.013465949925476048,-2.6760187981213828,0.007450246627457954,-0.06242791200668801,-0.009642358263582257,1125,75,points_0_to_100,,,
RQ4 distribution-request effect on conflict_mention_rate,conflict_mention_rate,gaussian,GEE exchangeable/entity-clustered,conflict_mention_rate ~ C(distribution_request_assigned) * C(model_id) + C(distribution_request_assigned) * C(ratio) + C(strategy) + C(domain) + C(layout_index),C(domain)[T.general],-0.0018033418955410588,0.007244327723877286,-0.24893157298740756,0.8034137121574689,-0.016001963326545566,0.012395279535463447,1125,75,points_0_to_100,,,
RQ4 distribution-request effect on conflict_mention_rate,conflict_mention_rate,gaussian,GEE exchangeable/entity-clustered,conflict_mention_rate ~ C(distribution_request_assigned) * C(model_id) + C(distribution_request_assigned) * C(ratio) + C(strategy) + C(domain) + C(layout_index),C(distribution_request_assigned)[T.1.0]:C(model_id)[T.deepseek/deepseek-v4-flash],0.06187588904694166,0.022341292286544138,2.769575199739394,0.0056129445513492075,0.018087760797232642,0.10566401729665068,1125,75,points_0_to_100,,,
RQ4 distribution-request effect on conflict_mention_rate,conflict_mention_rate,gaussian,GEE exchangeable/entity-clustered,conflict_mention_rate ~ C(distribution_request_assigned) * C(model_id) + C(distribution_request_assigned) * C(ratio) + C(strategy) + C(domain) + C(layout_index),C(distribution_request_assigned)[T.1.0]:C(model_id)[T.gemini-3.5-flash],0.05130321479374108,0.02196045355799403,2.3361637162118503,0.01948271055779224,0.00826151673590829,0.09434491285157387,1125,75,points_0_to_100,,,
RQ4 distribution-request effect on conflict_mention_rate,conflict_mention_rate,gaussian,GEE exchangeable/entity-clustered,conflict_mention_rate ~ C(distribution_request_assigned) * C(model_id) + C(distribution_request_assigned) * C(ratio) + C(strategy) + C(domain) + C(layout_index),C(distribution_request_assigned)[T.1.0]:C(ratio)[T.2:2],0.034372024656235206,0.020562787961838868,1.671564416266121,0.09461024647265567,-0.0059302991707027575,0.07467434848317317,1125,75,points_0_to_100,,,
RQ4 distribution-request effect on conflict_mention_rate,conflict_mention_rate,gaussian,GEE exchangeable/entity-clustered,conflict_mention_rate ~ C(distribution_request_assigned) * C(model_id) + C(distribution_request_assigned) * C(ratio) + C(strategy) + C(domain) + C(layout_index),C(distribution_request_assigned)[T.1.0]:C(ratio)[T.3:1],0.03002972972972972,0.014494382612489887,2.0718184784119704,0.03828237275462896,0.0016212618311059607,0.05843819762835348,1125,75,points_0_to_100,,,
RQ4 distribution-request effect on conflict_mention_rate,conflict_mention_rate,gaussian,GEE exchangeable/entity-clustered,conflict_mention_rate ~ C(distribution_request_assigned) * C(model_id) + C(distribution_request_assigned) * C(ratio) + C(strategy) + C(domain) + C(layout_index),C(distribution_request_assigned)[T.1.0]:C(ratio)[T.3:2],0.0178599573257468,0.015093311311617357,1.1833027860493377,0.23668916904420834,-0.011722389252474225,0.04744230390396782,1125,75,points_0_to_100,,,
RQ4 distribution-request effect on conflict_mention_rate,conflict_mention_rate,gaussian,GEE exchangeable/entity-clustered,conflict_mention_rate ~ C(distribution_request_assigned) * C(model_id) + C(distribution_request_assigned) * C(ratio) + C(strategy) + C(domain) + C(layout_index),C(distribution_request_assigned)[T.1.0]:C(ratio)[T.4:1],0.036035135135135135,0.013465949925476037,2.6760187981213845,0.007450246627457908,0.009642358263582278,0.06242791200668799,1125,75,points_0_to_100,,,
RQ4 distribution-request effect on abstention_rate,abstention_rate,gaussian,GEE exchangeable/entity-clustered,abstention_rate ~ C(distribution_request_assigned) * C(model_id) + C(distribution_request_assigned) * C(ratio) + C(strategy) + C(domain) + C(layout_index),Intercept,0.0005505835509487269,0.00465773424043097,0.1182084512614405,0.9059024937713864,-0.008578407809854999,0.009679574911752451,1125,75,points_0_to_100,,,
RQ4 distribution-request effect on abstention_rate,abstention_rate,gaussian,GEE exchangeable/entity-clustered,abstention_rate ~ C(distribution_request_assigned) * C(model_id) + C(distribution_request_assigned) * C(ratio) + C(strategy) + C(domain) + C(layout_index),C(distribution_request_assigned)[T.1.0],-0.027582050933097027,0.014979950360864074,-1.8412645081359293,0.0655828061488265,-0.05694221413058839,0.0017781122643943416,1125,75,points_0_to_100,,,
RQ4 distribution-request effect on abstention_rate,abstention_rate,gaussian,GEE exchangeable/entity-clustered,abstention_rate ~ C(distribution_request_assigned) * C(model_id) + C(distribution_request_assigned) * C(ratio) + C(strategy) + C(domain) + C(layout_index),C(model_id)[T.deepseek/deepseek-v4-flash],-0.003603243243243246,0.002478059576125709,-1.4540583599998396,0.14593012679179532,-0.008460150763994229,0.0012536642775077358,1125,75,points_0_to_100,,,
RQ4 distribution-request effect on abstention_rate,abstention_rate,gaussian,GEE exchangeable/entity-clustered,abstention_rate ~ C(distribution_request_assigned) * C(model_id) + C(distribution_request_assigned) * C(ratio) + C(strategy) + C(domain) + C(layout_index),C(model_id)[T.gemini-3.5-flash],-0.003603243243243255,0.0024780595761254767,-1.4540583599999795,0.14593012679175651,-0.008460150763993781,0.0012536642775072718,1125,75,points_0_to_100,,,
RQ4 distribution-request effect on abstention_rate,abstention_rate,gaussian,GEE exchangeable/entity-clustered,abstention_rate ~ C(distribution_request_assigned) * C(model_id) + C(distribution_request_assigned) * C(ratio) + C(strategy) + C(domain) + C(layout_index),C(ratio)[T.2:2],0.006005405405405372,0.004130099293543198,1.454058359999707,0.14593012679183207,-0.0020894404625136183,0.01410025127332436,1125,75,points_0_to_100,,,
RQ4 distribution-request effect on abstention_rate,abstention_rate,gaussian,GEE exchangeable/entity-clustered,abstention_rate ~ C(distribution_request_assigned) * C(model_id) + C(distribution_request_assigned) * C(ratio) + C(strategy) + C(domain) + C(layout_index),C(ratio)[T.3:1],-2.5956144577891818e-17,1.8138163963516533e-09,-1.4310238142129781e-08,0.999999988582082,-3.555014837373613e-09,3.5550147854613234e-09,1125,75,points_0_to_100,,,
RQ4 distribution-request effect on abstention_rate,abstention_rate,gaussian,GEE exchangeable/entity-clustered,abstention_rate ~ C(distribution_request_assigned) * C(model_id) + C(distribution_request_assigned) * C(ratio) + C(strategy) + C(domain) + C(layout_index),C(ratio)[T.3:2],-2.4808634833796537e-17,2.0343616310981782e-09,-1.219480079380207e-08,0.9999999902699567,-3.987275553291224e-09,3.987275503673955e-09,1125,75,points_0_to_100,,,
RQ4 distribution-request effect on abstention_rate,abstention_rate,gaussian,GEE exchangeable/entity-clustered,abstention_rate ~ C(distribution_request_assigned) * C(model_id) + C(distribution_request_assigned) * C(ratio) + C(strategy) + C(domain) + C(layout_index),C(ratio)[T.4:1],-2.5929241176548567e-17,1.828326845196272e-09,-1.4181950696985499e-08,0.9999999886844405,-3.5834547944816725e-09,3.5834547426231904e-09,1125,75,points_0_to_100,,,
RQ4 distribution-request effect on abstention_rate,abstention_rate,gaussian,GEE exchangeable/entity-clustered,abstention_rate ~ C(distribution_request_assigned) * C(model_id) + C(distribution_request_assigned) * C(ratio) + C(strategy) + C(domain) + C(layout_index),C(domain)[T.general],0.0031140185734044646,0.007590357395622724,0.41025980874105944,0.6816153715332757,-0.011762808551803316,0.017990845698612246,1125,75,points_0_to_100,,,
RQ4 distribution-request effect on abstention_rate,abstention_rate,gaussian,GEE exchangeable/entity-clustered,abstention_rate ~ C(distribution_request_assigned) * C(model_id) + C(distribution_request_assigned) * C(ratio) + C(strategy) + C(domain) + C(layout_index),C(distribution_request_assigned)[T.1.0]:C(model_id)[T.deepseek/deepseek-v4-flash],0.052726401137980085,0.011816628316155684,4.462051249076913,8.117880399153801e-06,0.02956623521961876,0.0758865670563414,1125,75,points_0_to_100,,,
RQ4 distribution-request effect on abstention_rate,abstention_rate,gaussian,GEE exchangeable/entity-clustered,abstention_rate ~ C(distribution_request_assigned) * C(model_id) + C(distribution_request_assigned) * C(ratio) + C(strategy) + C(domain) + C(layout_index),C(distribution_request_assigned)[T.1.0]:C(model_id)[T.gemini-3.5-flash],0.24921745376955903,0.01684604568176383,14.793825119407206,1.6056350790473048e-49,0.21619981095138543,0.28223509658773266,1125,75,points_0_to_100,,,
RQ4 distribution-request effect on abstention_rate,abstention_rate,gaussian,GEE exchangeable/entity-clustered,abstention_rate ~ C(distribution_request_assigned) * C(model_id) + C(distribution_request_assigned) * C(ratio) + C(strategy) + C(domain) + C(layout_index),C(distribution_request_assigned)[T.1.0]:C(ratio)[T.2:2],0.3594945945945946,0.030640645137722917,11.732605269201937,8.674689466736038e-32,0.29944003366158534,0.41954915552760386,1125,75,points_0_to_100,,,
RQ4 distribution-request effect on abstention_rate,abstention_rate,gaussian,GEE exchangeable/entity-clustered,abstention_rate ~ C(distribution_request_assigned) * C(model_id) + C(distribution_request_assigned) * C(ratio) + C(strategy) + C(domain) + C(layout_index),C(distribution_request_assigned)[T.1.0]:C(ratio)[T.3:1],-0.07017543859649121,0.017259613844429447,-4.065875356715491,4.785250746722269e-05,-0.10400366011864183,-0.03634721707434059,1125,75,points_0_to_100,,,
RQ4 distribution-request effect on abstention_rate,abstention_rate,gaussian,GEE exchangeable/entity-clustered,abstention_rate ~ C(distribution_request_assigned) * C(model_id) + C(distribution_request_assigned) * C(ratio) + C(strategy) + C(domain) + C(layout_index),C(distribution_request_assigned)[T.1.0]:C(ratio)[T.3:2],0.01754210526315791,0.02499184596737955,0.7019131474343525,0.48273332921793866,-0.0314410127400786,0.06652522326639441,1125,75,points_0_to_100,,,
RQ4 distribution-request effect on abstention_rate,abstention_rate,gaussian,GEE exchangeable/entity-clustered,abstention_rate ~ C(distribution_request_assigned) * C(model_id) + C(distribution_request_assigned) * C(ratio) + C(strategy) + C(domain) + C(layout_index),C(distribution_request_assigned)[T.1.0]:C(ratio)[T.4:1],-0.07309912280701752,0.016683013243463614,-4.381649869855356,1.1778398173258328e-05,-0.10579722791781096,-0.04040101769622409,1125,75,points_0_to_100,,,
RQ4 primary assigned-arm complete-case effect on is_flag,is_flag,binomial,GEE exchangeable/entity-clustered,is_flag ~ C(distribution_request_assigned) * C(model_id) + C(distribution_request_assigned) * C(ratio) + C(strategy) + C(domain) + C(layout_index),Intercept,,,,,,,1113,75,log_odds,,,
RQ4 primary assigned-arm complete-case effect on is_flag,is_flag,binomial,GEE exchangeable/entity-clustered,is_flag ~ C(distribution_request_assigned) * C(model_id) + C(distribution_request_assigned) * C(ratio) + C(strategy) + C(domain) + C(layout_index),C(distribution_request_assigned)[T.1.0],,,,,,,1113,75,log_odds,,,
RQ4 primary assigned-arm complete-case effect on is_flag,is_flag,binomial,GEE exchangeable/entity-clustered,is_flag ~ C(distribution_request_assigned) * C(model_id) + C(distribution_request_assigned) * C(ratio) + C(strategy) + C(domain) + C(layout_index),C(model_id)[T.deepseek/deepseek-v4-flash],,,,,,,1113,75,log_odds,,,
RQ4 primary assigned-arm complete-case effect on is_flag,is_flag,binomial,GEE exchangeable/entity-clustered,is_flag ~ C(distribution_request_assigned) * C(model_id) + C(distribution_request_assigned) * C(ratio) + C(strategy) + C(domain) + C(layout_index),C(model_id)[T.gemini-3.5-flash],,,,,,,1113,75,log_odds,,,
RQ4 primary assigned-arm complete-case effect on is_flag,is_flag,binomial,GEE exchangeable/entity-clustered,is_flag ~ C(distribution_request_assigned) * C(model_id) + C(distribution_request_assigned) * C(ratio) + C(strategy) + C(domain) + C(layout_index),C(ratio)[T.2:2],,,,,,,1113,75,log_odds,,,
RQ4 primary assigned-arm complete-case effect on is_flag,is_flag,binomial,GEE exchangeable/entity-clustered,is_flag ~ C(distribution_request_assigned) * C(model_id) + C(distribution_request_assigned) * C(ratio) + C(strategy) + C(domain) + C(layout_index),C(ratio)[T.3:1],,,,,,,1113,75,log_odds,,,
RQ4 primary assigned-arm complete-case effect on is_flag,is_flag,binomial,GEE exchangeable/entity-clustered,is_flag ~ C(distribution_request_assigned) * C(model_id) + C(distribution_request_assigned) * C(ratio) + C(strategy) + C(domain) + C(layout_index),C(ratio)[T.3:2],,,,,,,1113,75,log_odds,,,
RQ4 primary assigned-arm complete-case effect on is_flag,is_flag,binomial,GEE exchangeable/entity-clustered,is_flag ~ C(distribution_request_assigned) * C(model_id) + C(distribution_request_assigned) * C(ratio) + C(strategy) + C(domain) + C(layout_index),C(ratio)[T.4:1],,,,,,,1113,75,log_odds,,,
RQ4 primary assigned-arm complete-case effect on is_flag,is_flag,binomial,GEE exchangeable/entity-clustered,is_flag ~ C(distribution_request_assigned) * C(model_id) + C(distribution_request_assigned) * C(ratio) + C(strategy) + C(domain) + C(layout_index),C(domain)[T.general],,,,,,,1113,75,log_odds,,,
RQ4 primary assigned-arm complete-case effect on is_flag,is_flag,binomial,GEE exchangeable/entity-clustered,is_flag ~ C(distribution_request_assigned) * C(model_id) + C(distribution_request_assigned) * C(ratio) + C(strategy) + C(domain) + C(layout_index),C(distribution_request_assigned)[T.1.0]:C(model_id)[T.deepseek/deepseek-v4-flash],,,,,,,1113,75,log_odds,,,
RQ4 primary assigned-arm complete-case effect on is_flag,is_flag,binomial,GEE exchangeable/entity-clustered,is_flag ~ C(distribution_request_assigned) * C(model_id) + C(distribution_request_assigned) * C(ratio) + C(strategy) + C(domain) + C(layout_index),C(distribution_request_assigned)[T.1.0]:C(model_id)[T.gemini-3.5-flash],,,,,,,1113,75,log_odds,,,
RQ4 primary assigned-arm complete-case effect on is_flag,is_flag,binomial,GEE exchangeable/entity-clustered,is_flag ~ C(distribution_request_assigned) * C(model_id) + C(distribution_request_assigned) * C(ratio) + C(strategy) + C(domain) + C(layout_index),C(distribution_request_assigned)[T.1.0]:C(ratio)[T.2:2],,,,,,,1113,75,log_odds,,,
RQ4 primary assigned-arm complete-case effect on is_flag,is_flag,binomial,GEE exchangeable/entity-clustered,is_flag ~ C(distribution_request_assigned) * C(model_id) + C(distribution_request_assigned) * C(ratio) + C(strategy) + C(domain) + C(layout_index),C(distribution_request_assigned)[T.1.0]:C(ratio)[T.3:1],,,,,,,1113,75,log_odds,,,
RQ4 primary assigned-arm complete-case effect on is_flag,is_flag,binomial,GEE exchangeable/entity-clustered,is_flag ~ C(distribution_request_assigned) * C(model_id) + C(distribution_request_assigned) * C(ratio) + C(strategy) + C(domain) + C(layout_index),C(distribution_request_assigned)[T.1.0]:C(ratio)[T.3:2],,,,,,,1113,75,log_odds,,,
RQ4 primary assigned-arm complete-case effect on is_flag,is_flag,binomial,GEE exchangeable/entity-clustered,is_flag ~ C(distribution_request_assigned) * C(model_id) + C(distribution_request_assigned) * C(ratio) + C(strategy) + C(domain) + C(layout_index),C(distribution_request_assigned)[T.1.0]:C(ratio)[T.4:1],,,,,,,1113,75,log_odds,,,
RQ4 secondary assigned-arm complete-case effect on is_maj,is_maj,binomial,GEE exchangeable/entity-clustered,is_maj ~ C(distribution_request_assigned) * C(model_id) + C(distribution_request_assigned) * C(ratio) + C(strategy) + C(domain) + C(layout_index),Intercept,,,,,,,1113,75,log_odds,,,
RQ4 secondary assigned-arm complete-case effect on is_maj,is_maj,binomial,GEE exchangeable/entity-clustered,is_maj ~ C(distribution_request_assigned) * C(model_id) + C(distribution_request_assigned) * C(ratio) + C(strategy) + C(domain) + C(layout_index),C(distribution_request_assigned)[T.1.0],,,,,,,1113,75,log_odds,,,
RQ4 secondary assigned-arm complete-case effect on is_maj,is_maj,binomial,GEE exchangeable/entity-clustered,is_maj ~ C(distribution_request_assigned) * C(model_id) + C(distribution_request_assigned) * C(ratio) + C(strategy) + C(domain) + C(layout_index),C(model_id)[T.deepseek/deepseek-v4-flash],,,,,,,1113,75,log_odds,,,
RQ4 secondary assigned-arm complete-case effect on is_maj,is_maj,binomial,GEE exchangeable/entity-clustered,is_maj ~ C(distribution_request_assigned) * C(model_id) + C(distribution_request_assigned) * C(ratio) + C(strategy) + C(domain) + C(layout_index),C(model_id)[T.gemini-3.5-flash],,,,,,,1113,75,log_odds,,,
RQ4 secondary assigned-arm complete-case effect on is_maj,is_maj,binomial,GEE exchangeable/entity-clustered,is_maj ~ C(distribution_request_assigned) * C(model_id) + C(distribution_request_assigned) * C(ratio) + C(strategy) + C(domain) + C(layout_index),C(ratio)[T.2:2],,,,,,,1113,75,log_odds,,,
RQ4 secondary assigned-arm complete-case effect on is_maj,is_maj,binomial,GEE exchangeable/entity-clustered,is_maj ~ C(distribution_request_assigned) * C(model_id) + C(distribution_request_assigned) * C(ratio) + C(strategy) + C(domain) + C(layout_index),C(ratio)[T.3:1],,,,,,,1113,75,log_odds,,,
RQ4 secondary assigned-arm complete-case effect on is_maj,is_maj,binomial,GEE exchangeable/entity-clustered,is_maj ~ C(distribution_request_assigned) * C(model_id) + C(distribution_request_assigned) * C(ratio) + C(strategy) + C(domain) + C(layout_index),C(ratio)[T.3:2],,,,,,,1113,75,log_odds,,,
RQ4 secondary assigned-arm complete-case effect on is_maj,is_maj,binomial,GEE exchangeable/entity-clustered,is_maj ~ C(distribution_request_assigned) * C(model_id) + C(distribution_request_assigned) * C(ratio) + C(strategy) + C(domain) + C(layout_index),C(ratio)[T.4:1],,,,,,,1113,75,log_odds,,,
RQ4 secondary assigned-arm complete-case effect on is_maj,is_maj,binomial,GEE exchangeable/entity-clustered,is_maj ~ C(distribution_request_assigned) * C(model_id) + C(distribution_request_assigned) * C(ratio) + C(strategy) + C(domain) + C(layout_index),C(domain)[T.general],,,,,,,1113,75,log_odds,,,
RQ4 secondary assigned-arm complete-case effect on is_maj,is_maj,binomial,GEE exchangeable/entity-clustered,is_maj ~ C(distribution_request_assigned) * C(model_id) + C(distribution_request_assigned) * C(ratio) + C(strategy) + C(domain) + C(layout_index),C(distribution_request_assigned)[T.1.0]:C(model_id)[T.deepseek/deepseek-v4-flash],,,,,,,1113,75,log_odds,,,
RQ4 secondary assigned-arm complete-case effect on is_maj,is_maj,binomial,GEE exchangeable/entity-clustered,is_maj ~ C(distribution_request_assigned) * C(model_id) + C(distribution_request_assigned) * C(ratio) + C(strategy) + C(domain) + C(layout_index),C(distribution_request_assigned)[T.1.0]:C(model_id)[T.gemini-3.5-flash],,,,,,,1113,75,log_odds,,,
RQ4 secondary assigned-arm complete-case effect on is_maj,is_maj,binomial,GEE exchangeable/entity-clustered,is_maj ~ C(distribution_request_assigned) * C(model_id) + C(distribution_request_assigned) * C(ratio) + C(strategy) + C(domain) + C(layout_index),C(distribution_request_assigned)[T.1.0]:C(ratio)[T.2:2],,,,,,,1113,75,log_odds,,,
RQ4 secondary assigned-arm complete-case effect on is_maj,is_maj,binomial,GEE exchangeable/entity-clustered,is_maj ~ C(distribution_request_assigned) * C(model_id) + C(distribution_request_assigned) * C(ratio) + C(strategy) + C(domain) + C(layout_index),C(distribution_request_assigned)[T.1.0]:C(ratio)[T.3:1],,,,,,,1113,75,log_odds,,,
RQ4 secondary assigned-arm complete-case effect on is_maj,is_maj,binomial,GEE exchangeable/entity-clustered,is_maj ~ C(distribution_request_assigned) * C(model_id) + C(distribution_request_assigned) * C(ratio) + C(strategy) + C(domain) + C(layout_index),C(distribution_request_assigned)[T.1.0]:C(ratio)[T.3:2],,,,,,,1113,75,log_odds,,,
RQ4 secondary assigned-arm complete-case effect on is_maj,is_maj,binomial,GEE exchangeable/entity-clustered,is_maj ~ C(distribution_request_assigned) * C(model_id) + C(distribution_request_assigned) * C(ratio) + C(strategy) + C(domain) + C(layout_index),C(distribution_request_assigned)[T.1.0]:C(ratio)[T.4:1],,,,,,,1113,75,log_odds,,,
RQ4 secondary assigned-arm complete-case effect on is_com,is_com,binomial,GEE exchangeable/entity-clustered,is_com ~ C(distribution_request_assigned) * C(model_id) + C(distribution_request_assigned) * C(ratio) + C(strategy) + C(domain) + C(layout_index),Intercept,,,,,,,1113,75,log_odds,,,
RQ4 secondary assigned-arm complete-case effect on is_com,is_com,binomial,GEE exchangeable/entity-clustered,is_com ~ C(distribution_request_assigned) * C(model_id) + C(distribution_request_assigned) * C(ratio) + C(strategy) + C(domain) + C(layout_index),C(distribution_request_assigned)[T.1.0],,,,,,,1113,75,log_odds,,,
RQ4 secondary assigned-arm complete-case effect on is_com,is_com,binomial,GEE exchangeable/entity-clustered,is_com ~ C(distribution_request_assigned) * C(model_id) + C(distribution_request_assigned) * C(ratio) + C(strategy) + C(domain) + C(layout_index),C(model_id)[T.deepseek/deepseek-v4-flash],,,,,,,1113,75,log_odds,,,
RQ4 secondary assigned-arm complete-case effect on is_com,is_com,binomial,GEE exchangeable/entity-clustered,is_com ~ C(distribution_request_assigned) * C(model_id) + C(distribution_request_assigned) * C(ratio) + C(strategy) + C(domain) + C(layout_index),C(model_id)[T.gemini-3.5-flash],,,,,,,1113,75,log_odds,,,
RQ4 secondary assigned-arm complete-case effect on is_com,is_com,binomial,GEE exchangeable/entity-clustered,is_com ~ C(distribution_request_assigned) * C(model_id) + C(distribution_request_assigned) * C(ratio) + C(strategy) + C(domain) + C(layout_index),C(ratio)[T.2:2],,,,,,,1113,75,log_odds,,,
RQ4 secondary assigned-arm complete-case effect on is_com,is_com,binomial,GEE exchangeable/entity-clustered,is_com ~ C(distribution_request_assigned) * C(model_id) + C(distribution_request_assigned) * C(ratio) + C(strategy) + C(domain) + C(layout_index),C(ratio)[T.3:1],,,,,,,1113,75,log_odds,,,
RQ4 secondary assigned-arm complete-case effect on is_com,is_com,binomial,GEE exchangeable/entity-clustered,is_com ~ C(distribution_request_assigned) * C(model_id) + C(distribution_request_assigned) * C(ratio) + C(strategy) + C(domain) + C(layout_index),C(ratio)[T.3:2],,,,,,,1113,75,log_odds,,,
RQ4 secondary assigned-arm complete-case effect on is_com,is_com,binomial,GEE exchangeable/entity-clustered,is_com ~ C(distribution_request_assigned) * C(model_id) + C(distribution_request_assigned) * C(ratio) + C(strategy) + C(domain) + C(layout_index),C(ratio)[T.4:1],,,,,,,1113,75,log_odds,,,
RQ4 secondary assigned-arm complete-case effect on is_com,is_com,binomial,GEE exchangeable/entity-clustered,is_com ~ C(distribution_request_assigned) * C(model_id) + C(distribution_request_assigned) * C(ratio) + C(strategy) + C(domain) + C(layout_index),C(domain)[T.general],,,,,,,1113,75,log_odds,,,
RQ4 secondary assigned-arm complete-case effect on is_com,is_com,binomial,GEE exchangeable/entity-clustered,is_com ~ C(distribution_request_assigned) * C(model_id) + C(distribution_request_assigned) * C(ratio) + C(strategy) + C(domain) + C(layout_index),C(distribution_request_assigned)[T.1.0]:C(model_id)[T.deepseek/deepseek-v4-flash],,,,,,,1113,75,log_odds,,,
RQ4 secondary assigned-arm complete-case effect on is_com,is_com,binomial,GEE exchangeable/entity-clustered,is_com ~ C(distribution_request_assigned) * C(model_id) + C(distribution_request_assigned) * C(ratio) + C(strategy) + C(domain) + C(layout_index),C(distribution_request_assigned)[T.1.0]:C(model_id)[T.gemini-3.5-flash],,,,,,,1113,75,log_odds,,,
RQ4 secondary assigned-arm complete-case effect on is_com,is_com,binomial,GEE exchangeable/entity-clustered,is_com ~ C(distribution_request_assigned) * C(model_id) + C(distribution_request_assigned) * C(ratio) + C(strategy) + C(domain) + C(layout_index),C(distribution_request_assigned)[T.1.0]:C(ratio)[T.2:2],,,,,,,1113,75,log_odds,,,
RQ4 secondary assigned-arm complete-case effect on is_com,is_com,binomial,GEE exchangeable/entity-clustered,is_com ~ C(distribution_request_assigned) * C(model_id) + C(distribution_request_assigned) * C(ratio) + C(strategy) + C(domain) + C(layout_index),C(distribution_request_assigned)[T.1.0]:C(ratio)[T.3:1],,,,,,,1113,75,log_odds,,,
RQ4 secondary assigned-arm complete-case effect on is_com,is_com,binomial,GEE exchangeable/entity-clustered,is_com ~ C(distribution_request_assigned) * C(model_id) + C(distribution_request_assigned) * C(ratio) + C(strategy) + C(domain) + C(layout_index),C(distribution_request_assigned)[T.1.0]:C(ratio)[T.3:2],,,,,,,1113,75,log_odds,,,
RQ4 secondary assigned-arm complete-case effect on is_com,is_com,binomial,GEE exchangeable/entity-clustered,is_com ~ C(distribution_request_assigned) * C(model_id) + C(distribution_request_assigned) * C(ratio) + C(strategy) + C(domain) + C(layout_index),C(distribution_request_assigned)[T.1.0]:C(ratio)[T.4:1],,,,,,,1113,75,log_odds,,,
RQ4 secondary assigned-arm complete-case effect on is_flag_or_com,is_flag_or_com,binomial,GEE exchangeable/entity-clustered,is_flag_or_com ~ C(distribution_request_assigned) * C(model_id) + C(distribution_request_assigned) * C(ratio) + C(strategy) + C(domain) + C(layout_index),Intercept,-3.1414102119304217,0.6018547118538813,-5.2195490872772226,1.7935927368859792e-07,-4.321023771089761,-1.9617966527710824,1113,75,log_odds,0.04322180300195873,0.013286274473650068,0.14060557445543334
RQ4 secondary assigned-arm complete-case effect on is_flag_or_com,is_flag_or_com,binomial,GEE exchangeable/entity-clustered,is_flag_or_com ~ C(distribution_request_assigned) * C(model_id) + C(distribution_request_assigned) * C(ratio) + C(strategy) + C(domain) + C(layout_index),C(distribution_request_assigned)[T.1.0],-2.9308813215404377,1.1625548167721929,-2.5210693545427505,0.01169987893590792,-5.209446892467497,-0.6523157506133783,1113,75,log_odds,0.05334999891667155,0.005464695416090833,0.520838247641055
RQ4 secondary assigned-arm complete-case effect on is_flag_or_com,is_flag_or_com,binomial,GEE exchangeable/entity-clustered,is_flag_or_com ~ C(distribution_request_assigned) * C(model_id) + C(distribution_request_assigned) * C(ratio) + C(strategy) + C(domain) + C(layout_index),C(model_id)[T.deepseek/deepseek-v4-flash],-2995.33434687961,0.2556704866326929,-11715.604668844062,0.0,-2995.83545182532,-2994.8332419339004,1113,75,log_odds,0.0,0.0,0.0
RQ4 secondary assigned-arm complete-case effect on is_flag_or_com,is_flag_or_com,binomial,GEE exchangeable/entity-clustered,is_flag_or_com ~ C(distribution_request_assigned) * C(model_id) + C(distribution_request_assigned) * C(ratio) + C(strategy) + C(domain) + C(layout_index),C(model_id)[T.gemini-3.5-flash],3.9165792525454832,0.48085651615411096,8.145006090112437,3.7926282158713796e-16,2.974117799152023,4.859040705938943,1113,75,log_odds,50.228332129667855,19.572348888202136,128.90048930452969
RQ4 secondary assigned-arm complete-case effect on is_flag_or_com,is_flag_or_com,binomial,GEE exchangeable/entity-clustered,is_flag_or_com ~ C(distribution_request_assigned) * C(model_id) + C(distribution_request_assigned) * C(ratio) + C(strategy) + C(domain) + C(layout_index),C(ratio)[T.2:2],2.0311636151842505,0.5441487819471725,3.732735756415681,0.00018941127241055644,0.9646516003364531,3.0976756300320476,1113,75,log_odds,7.6229513820188,2.623873340621094,22.14641494808866
RQ4 secondary assigned-arm complete-case effect on is_flag_or_com,is_flag_or_com,binomial,GEE exchangeable/entity-clustered,is_flag_or_com ~ C(distribution_request_assigned) * C(model_id) + C(distribution_request_assigned) * C(ratio) + C(strategy) + C(domain) + C(layout_index),C(ratio)[T.3:1],-3.039878888936731,0.6782095876002835,-4.482211612036876,7.387343586771111e-06,-4.369145254603049,-1.7106125232704128,1113,75,log_odds,0.04784068317935896,0.012662058780396506,0.18075504203244028
RQ4 secondary assigned-arm complete-case effect on is_flag_or_com,is_flag_or_com,binomial,GEE exchangeable/entity-clustered,is_flag_or_com ~ C(distribution_request_assigned) * C(model_id) + C(distribution_request_assigned) * C(ratio) + C(strategy) + C(domain) + C(layout_index),C(ratio)[T.3:2],-0.31501389470954616,0.5442494279170711,-0.5788042734654849,0.5627212472914903,-1.381723172033534,0.7516953826144415,1113,75,log_odds,0.7297787341350661,0.2511454132272876,2.120592185825807
RQ4 secondary assigned-arm complete-case effect on is_flag_or_com,is_flag_or_com,binomial,GEE exchangeable/entity-clustered,is_flag_or_com ~ C(distribution_request_assigned) * C(model_id) + C(distribution_request_assigned) * C(ratio) + C(strategy) + C(domain) + C(layout_index),C(ratio)[T.4:1],-2634.9910988326546,4.247286740963356e-15,-6.203939737383951e+17,0.0,-2634.9910988326546,-2634.9910988326546,1113,75,log_odds,0.0,0.0,0.0
RQ4 secondary assigned-arm complete-case effect on is_flag_or_com,is_flag_or_com,binomial,GEE exchangeable/entity-clustered,is_flag_or_com ~ C(distribution_request_assigned) * C(model_id) + C(distribution_request_assigned) * C(ratio) + C(strategy) + C(domain) + C(layout_index),C(domain)[T.general],0.1837082434594136,0.2646569635400773,0.694137199347088,0.4875961718725774,-0.33500987333686805,0.7024263602556953,1113,75,log_odds,1.2016651782719725,0.7153310236135253,2.0186447295085674
RQ4 secondary assigned-arm complete-case effect on is_flag_or_com,is_flag_or_com,binomial,GEE exchangeable/entity-clustered,is_flag_or_com ~ C(distribution_request_assigned) * C(model_id) + C(distribution_request_assigned) * C(ratio) + C(strategy) + C(domain) + C(layout_index),C(distribution_request_assigned)[T.1.0]:C(model_id)[T.deepseek/deepseek-v4-flash],2996.2067686272685,0.255670486632691,11719.016958464075,0.0,2995.7056636815587,2996.7078735729783,1113,75,log_odds,,,
RQ4 secondary assigned-arm complete-case effect on is_flag_or_com,is_flag_or_com,binomial,GEE exchangeable/entity-clustered,is_flag_or_com ~ C(distribution_request_assigned) * C(model_id) + C(distribution_request_assigned) * C(ratio) + C(strategy) + C(domain) + C(layout_index),C(distribution_request_assigned)[T.1.0]:C(model_id)[T.gemini-3.5-flash],0.825024018826661,1.0586325941378205,0.7793298859257052,0.4357854141287356,-1.2498577385436755,2.8999057761969977,1113,75,log_odds,2.2819355740860856,0.286545558349161,18.17243301302367
RQ4 secondary assigned-arm complete-case effect on is_flag_or_com,is_flag_or_com,binomial,GEE exchangeable/entity-clustered,is_flag_or_com ~ C(distribution_request_assigned) * C(model_id) + C(distribution_request_assigned) * C(ratio) + C(strategy) + C(domain) + C(layout_index),C(distribution_request_assigned)[T.1.0]:C(ratio)[T.2:2],2.6052962294966537,0.9095314838363712,2.864437653667147,0.0041775038244573825,0.822647278372092,4.387945180621216,1113,75,log_odds,13.53523424456228,2.276518445596715,80.47488761161827
RQ4 secondary assigned-arm complete-case effect on is_flag_or_com,is_flag_or_com,binomial,GEE exchangeable/entity-clustered,is_flag_or_com ~ C(distribution_request_assigned) * C(model_id) + C(distribution_request_assigned) * C(ratio) + C(strategy) + C(domain) + C(layout_index),C(distribution_request_assigned)[T.1.0]:C(ratio)[T.3:1],-6842.764765394737,0.0,-inf,0.0,-6842.764765394737,-6842.764765394737,1113,75,log_odds,0.0,0.0,0.0
RQ4 secondary assigned-arm complete-case effect on is_flag_or_com,is_flag_or_com,binomial,GEE exchangeable/entity-clustered,is_flag_or_com ~ C(distribution_request_assigned) * C(model_id) + C(distribution_request_assigned) * C(ratio) + C(strategy) + C(domain) + C(layout_index),C(distribution_request_assigned)[T.1.0]:C(ratio)[T.3:2],0.5480662378035975,0.8122281166978607,0.6747688568474807,0.4998226295880328,-1.0438716181550056,2.1400040937622005,1113,75,log_odds,1.7299045573113088,0.35208888602135163,8.499472423633835
RQ4 secondary assigned-arm complete-case effect on is_flag_or_com,is_flag_or_com,binomial,GEE exchangeable/entity-clustered,is_flag_or_com ~ C(distribution_request_assigned) * C(model_id) + C(distribution_request_assigned) * C(ratio) + C(strategy) + C(domain) + C(layout_index),C(distribution_request_assigned)[T.1.0]:C(ratio)[T.4:1],-4095.1500489945424,0.0,-inf,0.0,-4095.1500489945424,-4095.1500489945424,1113,75,log_odds,0.0,0.0,0.0
